{
    "w_back": 2,
    "w_ahead": 1,
    "n_layers": 3,
    "hidden_dim": 256,
    "dropout": 0.0950218723251991,
    "activation": "GELU",
    "lr": 0.0020532726819372593,
    "weight_decay": 0.00034409698150569796,
    "batch_size": 16384
}