{
    " ": 0.18633462953810567,
    "e": 0.09551357584875324,
    "t": 0.06412348681499346,
    "a": 0.06251591268903792,
    "o": 0.05868672184836965,
    "i": 0.05262190387986989,
    "n": 0.0518305570975062,
    "s": 0.05053097050131674,
    "r": 0.04736751584263697,
    "h": 0.036747864257455354,
    "l": 0.03243144922263948,
    "d": 0.02934408560072545,
    "u": 0.022548069002733963,
    "c": 0.020469938243065207,
    "m": 0.018607277974809277,
    "y": 0.015732244579298695,
    "g": 0.014782435193384767,
    "f": 0.014403912480331071,
    "p": 0.014099306774421238,
    "w": 0.013709672354411276,
    "b": 0.010889472817141402,
    "v": 0.008058403131762138,
    "k": 0.007487841135442528,
    ",": 0.00609501282435918,
    "T": 0.005505367679136418,
    "I": 0.0054969131194957796,
    "A": 0.0033963173870676156,
    "S": 0.00338254853279572,
    "'": 0.003039293411385828,
    "1": 0.002747007206666638,
    "H": 0.0023810455536504615,
    "M": 0.0022921518980003274,
    "C": 0.0022670297779252896,
    "B": 0.0019972085459655084,
    "0": 0.001992860486721752,
    "W": 0.0017822211722464344,
    "2": 0.0017636211410370314,
    "N": 0.0016771430738556513,
    "D": 0.0016636157784306307,
    "P": 0.001540903884217946,
    "x": 0.0014834128786616093,
    "9": 0.0014271296673396495,
    "R": 0.0013882386929927161,
    "O": 0.0013841321925958348,
    "L": 0.0013744698387208204,
    "F": 0.0013131138916144779,
    "E": 0.0012539319741300136,
    "G": 0.0012353319429206106,
    "j": 0.001184363026229909,
    "J": 0.0011568253176861174,
    "z": 0.0008831391441763302,
    "Y": 0.0008751677022294433,
    "3": 0.0008268559328543705,
    "U": 0.0007961779593011993,
    "8": 0.0007763701338574194,
    "4": 0.0007406194245198655,
    "5": 0.0007321648648792278,
    "q": 0.0006671855350697549,
    "6": 0.0006345750907415809,
    "K": 0.0006232218249384387,
    "7": 0.0006130763533696734,
    "V": 0.00048070210528197406,
    "Z": 0.00011039239302204127,
    "Q": 9.469106797514262e-05,
    "X": 8.720274372200635e-05
}