{
    " ": 8.253458103636213,
    "e": 7.967152753540967,
    "t": 7.823734823148818,
    "a": 7.798749526202823,
    "o": 7.7592833760258575,
    "i": 7.7443909014395,
    "s": 7.711047200898602,
    "n": 7.708886439262083,
    "r": 7.668537890167101,
    "\u0002": 7.580050407509311,
    "h": 7.573530960980705,
    "l": 7.509174156679596,
    "d": 7.470756523060524,
    "u": 7.346881532300056,
    "c": 7.333800966963798,
    "m": 7.298016424565668,
    "y": 7.200500070625884,
    "g": 7.184096444561908,
    "f": 7.173668384126797,
    "p": 7.170060933447546,
    "w": 7.169706045189266,
    "b": 7.086818044468929,
    "v": 6.907529541512549,
    "k": 6.886539981205809,
    ",": 6.7681391531073185,
    "'": 6.465937157971479,
    "1": 6.422024328140896,
    "j": 6.342995814460558,
    "0": 6.282641425672416,
    "2": 6.22956982556328,
    "x": 6.1669045554048765,
    "9": 6.137627963762403,
    "z": 5.974606528439777,
    "3": 5.9005943762603685,
    "8": 5.8732333495498175,
    "q": 5.855161001849,
    "4": 5.852759627640848,
    "5": 5.847773413490113,
    "6": 5.785647549908562,
    "7": 5.770679094881178,
    "A": 5.6917031404856395,
    "S": 5.656667290453164,
    "I": 5.598166503953996,
    "E": 5.571120999476636,
    "T": 5.533209272912748,
    "O": 5.528453091420513,
    "N": 5.5029080442788985,
    "C": 5.484121312162133,
    "R": 5.455739360008946,
    "D": 5.423473121540706,
    "P": 5.40201730237532,
    "M": 5.385719161653746,
    "U": 5.360944421710119,
    "L": 5.347552986201036,
    "F": 5.307201720828061,
    "H": 5.265460664440095,
    "B": 5.264363960620168,
    "V": 5.121299743517563,
    "G": 5.11282167606007,
    "W": 5.085518764106219,
    "Y": 5.0364333301966155,
    "K": 5.0076615876265915,
    "J": 4.6925233380512426,
    "X": 4.626258865107566,
    "Q": 4.217445825841566,
    "Z": 4.09858123694546
}