{
  " ": 8.270293574272067,
  "e": 7.9800651045384265,
  "t": 7.807017129766621,
  "a": 7.795990575959056,
  "o": 7.768539851157371,
  "i": 7.721166556968304,
  "n": 7.714585876851736,
  "s": 7.703557639408208,
  "r": 7.67548060904452,
  "h": 7.565232103470413,
  "l": 7.510966355867941,
  "d": 7.46752058088839,
  "u": 7.353109355199984,
  "c": 7.311116532416465,
  "m": 7.269682845619548,
  "y": 7.196790689492994,
  "g": 7.169745983715988,
  "f": 7.158480473888865,
  "p": 7.149197760070649,
  "w": 7.137027075768978,
  "b": 7.0370068551324145,
  "v": 6.906248989724046,
  "k": 6.874356621689908,
  ",": 6.784974623743173,
  "T": 6.740786328882293,
  "I": 6.7401188728540795,
  "A": 6.53100826844215,
  "S": 6.529244036570226,
  "'": 6.482772628607332,
  "1": 6.43885979877675,
  "H": 6.376767704312808,
  "M": 6.360243394393731,
  "C": 6.35545722471571,
  "B": 6.300423415713595,
  "0": 6.299476896308271,
  "W": 6.2509615986491305,
  "2": 6.246405296199133,
  "N": 6.224570113014899,
  "D": 6.221053030743665,
  "P": 6.187775549908806,
  "x": 6.171262045140514,
  "9": 6.154463434398258,
  "R": 6.142464144892043,
  "O": 6.141177569725736,
  "L": 6.138135214153417,
  "F": 6.118302395818802,
  "E": 6.098273976637195,
  "G": 6.0917836714486615,
  "j": 6.0734848410045235,
  "J": 6.063267784800953,
  "z": 5.946029134820139,
  "Y": 5.942091281792882,
  "3": 5.917429846896223,
  "U": 5.901010150783423,
  "8": 5.890068820185671,
  "4": 5.869595098276702,
  "5": 5.864608884125968,
  "q": 5.824246622000958,
  "6": 5.802483020544416,
  "K": 5.794642653721576,
  "7": 5.787514565517031,
  "V": 5.6818760241680515,
  "Z": 5.0429391478281955,
  "Q": 4.976309014778803,
  "X": 4.940530149664003,
  "\u0001": 6.0,
  "\u0002": 7.267015759782882
}