{
    "w_back": 3,
    "w_ahead": 1,
    "learning_rate": 0.08864689929372617,
    "num_leaves": 73,
    "max_depth": 13,
    "min_child_samples": 41,
    "subsample": 0.7484988366901698,
    "colsample_bytree": 0.8856088104168377,
    "reg_alpha": 0.1376959436479518,
    "reg_lambda": 0.030243553158378067
}