{
    "w_back": 2,
    "w_ahead": 1,
    "n_layers": 2,
    "hidden_dim": 1024,
    "dropout": 0.08002692399577613,
    "activation": "GELU",
    "lr": 0.0014277147295379358,
    "weight_decay": 0.0018331955063443206,
    "batch_size": 32768
}