{
    "w_back": 2,
    "w_ahead": 1,
    "n_layers": 2,
    "hidden_dim": 1024,
    "dropout": 0.3861223846483287,
    "activation": "SiLU",
    "lr": 0.002592475660475161,
    "weight_decay": 0.0008241925264876454,
    "batch_size": 8192
}